{
  "trackVehicleExit" : {
    "transaction" : "trackVehicleExit",
    "sampleCount" : 242,
    "errorCount" : 0,
    "errorPct" : 0.0,
    "meanResTime" : 1079.9586776859503,
    "medianResTime" : 960.5,
    "minResTime" : 751.0,
    "maxResTime" : 24039.0,
    "pct1ResTime" : 1163.2,
    "pct2ResTime" : 1268.1999999999998,
    "pct3ResTime" : 1607.5499999999986,
    "throughput" : 0.5763098546603701,
    "receivedKBytesPerSec" : 0.29889236356697696,
    "sentKBytesPerSec" : 0.6117664179842015
  },
  "trackVehicleEntry" : {
    "transaction" : "trackVehicleEntry",
    "sampleCount" : 441,
    "errorCount" : 142,
    "errorPct" : 32.199547,
    "meanResTime" : 570.40589569161,
    "medianResTime" : 535.0,
    "minResTime" : 335.0,
    "maxResTime" : 2630.0,
    "pct1ResTime" : 750.0,
    "pct2ResTime" : 840.8,
    "pct3ResTime" : 1435.699999999999,
    "throughput" : 0.8184688137398828,
    "receivedKBytesPerSec" : 0.4296751029117817,
    "sentKBytesPerSec" : 0.8680245426967897
  },
  "Total" : {
    "transaction" : "Total",
    "sampleCount" : 2125,
    "errorCount" : 142,
    "errorPct" : 6.682353,
    "meanResTime" : 499.88752941176415,
    "medianResTime" : 403.0,
    "minResTime" : 301.0,
    "maxResTime" : 24039.0,
    "pct1ResTime" : 873.4000000000001,
    "pct2ResTime" : 1009.0,
    "pct3ResTime" : 1256.4399999999987,
    "throughput" : 3.5272519636419166,
    "receivedKBytesPerSec" : 1.697880663625484,
    "sentKBytesPerSec" : 3.2471563865253996
  },
  "getPlate" : {
    "transaction" : "getPlate",
    "sampleCount" : 1441,
    "errorCount" : 0,
    "errorPct" : 0.0,
    "meanResTime" : 380.31575294934044,
    "medianResTime" : 373.0,
    "minResTime" : 301.0,
    "maxResTime" : 1365.0,
    "pct1ResTime" : 424.0,
    "pct2ResTime" : 433.0,
    "pct3ResTime" : 505.15999999999985,
    "throughput" : 2.400966384804432,
    "receivedKBytesPerSec" : 1.1060120485691673,
    "sentKBytesPerSec" : 2.051607018265506
  },
  "loginAFlypass" : {
    "transaction" : "loginAFlypass",
    "sampleCount" : 1,
    "errorCount" : 0,
    "errorPct" : 0.0,
    "meanResTime" : 1327.0,
    "medianResTime" : 1327.0,
    "minResTime" : 1327.0,
    "maxResTime" : 1327.0,
    "pct1ResTime" : 1327.0,
    "pct2ResTime" : 1327.0,
    "pct3ResTime" : 1327.0,
    "throughput" : 0.7535795026375283,
    "receivedKBytesPerSec" : 1.5586732290881689,
    "sentKBytesPerSec" : 0.2583070365486059
  }
}