{
  "registrarEntradaEglobalt" : {
    "transaction" : "registrarEntradaEglobalt",
    "sampleCount" : 339,
    "errorCount" : 0,
    "errorPct" : 0.0,
    "meanResTime" : 696.7905604719766,
    "medianResTime" : 661.0,
    "minResTime" : 415.0,
    "maxResTime" : 1467.0,
    "pct1ResTime" : 923.0,
    "pct2ResTime" : 1045.0,
    "pct3ResTime" : 1333.200000000001,
    "throughput" : 0.6282582790171002,
    "receivedKBytesPerSec" : 0.3165832734109606,
    "sentKBytesPerSec" : 0.6662973545044636
  },
  "registrarEntradaSinSalida" : {
    "transaction" : "registrarEntradaSinSalida",
    "sampleCount" : 94,
    "errorCount" : 74,
    "errorPct" : 78.723404,
    "meanResTime" : 1321.0000000000005,
    "medianResTime" : 1111.5,
    "minResTime" : 795.0,
    "maxResTime" : 3139.0,
    "pct1ResTime" : 2091.0,
    "pct2ResTime" : 2392.5,
    "pct3ResTime" : 3139.0,
    "throughput" : 0.47142369957270963,
    "receivedKBytesPerSec" : 0.24155958808100464,
    "sentKBytesPerSec" : 0.5018084302092319
  },
  "Total" : {
    "transaction" : "Total",
    "sampleCount" : 1301,
    "errorCount" : 226,
    "errorPct" : 17.371252,
    "meanResTime" : 699.3589546502682,
    "medianResTime" : 487.0,
    "minResTime" : 344.0,
    "maxResTime" : 26413.0,
    "pct1ResTime" : 1148.0,
    "pct2ResTime" : 1363.3999999999992,
    "pct3ResTime" : 2093.88,
    "throughput" : 2.1591640831933723,
    "receivedKBytesPerSec" : 1.057238774960667,
    "sentKBytesPerSec" : 2.0571315609918215
  },
  "getPlate" : {
    "transaction" : "getPlate",
    "sampleCount" : 689,
    "errorCount" : 0,
    "errorPct" : 0.0,
    "meanResTime" : 422.49782293178566,
    "medianResTime" : 414.0,
    "minResTime" : 344.0,
    "maxResTime" : 792.0,
    "pct1ResTime" : 475.0,
    "pct2ResTime" : 509.5,
    "pct3ResTime" : 586.5000000000001,
    "throughput" : 1.1495019936935884,
    "receivedKBytesPerSec" : 0.5256450829176329,
    "sentKBytesPerSec" : 0.9822160342181218
  },
  "loginAFlypass" : {
    "transaction" : "loginAFlypass",
    "sampleCount" : 1,
    "errorCount" : 0,
    "errorPct" : 0.0,
    "meanResTime" : 1607.0,
    "medianResTime" : 1607.0,
    "minResTime" : 1607.0,
    "maxResTime" : 1607.0,
    "pct1ResTime" : 1607.0,
    "pct2ResTime" : 1607.0,
    "pct3ResTime" : 1607.0,
    "throughput" : 0.6222775357809583,
    "receivedKBytesPerSec" : 1.287093574984443,
    "sentKBytesPerSec" : 0.21330021001866833
  },
  "registrarSalidaPagoAutomatico" : {
    "transaction" : "registrarSalidaPagoAutomatico",
    "sampleCount" : 178,
    "errorCount" : 152,
    "errorPct" : 85.39326,
    "meanResTime" : 1442.5393258426968,
    "medianResTime" : 1110.5,
    "minResTime" : 851.0,
    "maxResTime" : 26413.0,
    "pct1ResTime" : 1574.3999999999999,
    "pct2ResTime" : 1709.7499999999993,
    "pct3ResTime" : 24720.030000000017,
    "throughput" : 0.44559598462944183,
    "receivedKBytesPerSec" : 0.25261815021341044,
    "sentKBytesPerSec" : 0.4777972569561789
  }
}