{
  "registrarEntradaEglobalt" : {
    "transaction" : "registrarEntradaEglobalt",
    "sampleCount" : 351,
    "errorCount" : 74,
    "errorPct" : 21.08262,
    "meanResTime" : 654.5042735042739,
    "medianResTime" : 557.0,
    "minResTime" : 334.0,
    "maxResTime" : 4015.0,
    "pct1ResTime" : 1069.4,
    "pct2ResTime" : 1287.8,
    "pct3ResTime" : 1894.2400000000011,
    "throughput" : 0.651748859439496,
    "receivedKBytesPerSec" : 0.32075725534814714,
    "sentKBytesPerSec" : 0.6710080759528809
  },
  "loginEnAppAFlypass" : {
    "transaction" : "loginEnAppAFlypass",
    "sampleCount" : 7,
    "errorCount" : 2,
    "errorPct" : 28.571428,
    "meanResTime" : 720.8571428571428,
    "medianResTime" : 407.0,
    "minResTime" : 367.0,
    "maxResTime" : 2386.0,
    "pct1ResTime" : 2386.0,
    "pct2ResTime" : 2386.0,
    "pct3ResTime" : 2386.0,
    "throughput" : 0.0799725808294299,
    "receivedKBytesPerSec" : 0.1326442541128756,
    "sentKBytesPerSec" : 0.040901155318176625
  },
  "registrarEntradaSinSalida" : {
    "transaction" : "registrarEntradaSinSalida",
    "sampleCount" : 111,
    "errorCount" : 75,
    "errorPct" : 67.567566,
    "meanResTime" : 981.2342342342343,
    "medianResTime" : 389.0,
    "minResTime" : 331.0,
    "maxResTime" : 4296.0,
    "pct1ResTime" : 2344.2,
    "pct2ResTime" : 3423.9999999999973,
    "pct3ResTime" : 4282.44,
    "throughput" : 0.5562432035599565,
    "receivedKBytesPerSec" : 0.2615758329240853,
    "sentKBytesPerSec" : 0.5257208846146136
  },
  "Total" : {
    "transaction" : "Total",
    "sampleCount" : 1391,
    "errorCount" : 414,
    "errorPct" : 29.76276,
    "meanResTime" : 616.0891445003596,
    "medianResTime" : 412.0,
    "minResTime" : 85.0,
    "maxResTime" : 25634.0,
    "pct1ResTime" : 1073.6,
    "pct2ResTime" : 1491.999999999998,
    "pct3ResTime" : 2778.8799999999974,
    "throughput" : 2.298394758800737,
    "receivedKBytesPerSec" : 1.8100417033277978,
    "sentKBytesPerSec" : 2.7966553559331135
  },
  "consultarServiciosEnCurso" : {
    "transaction" : "consultarServiciosEnCurso",
    "sampleCount" : 7,
    "errorCount" : 2,
    "errorPct" : 28.571428,
    "meanResTime" : 455.7142857142857,
    "medianResTime" : 274.0,
    "minResTime" : 88.0,
    "maxResTime" : 1162.0,
    "pct1ResTime" : 1162.0,
    "pct2ResTime" : 1162.0,
    "pct3ResTime" : 1162.0,
    "throughput" : 0.08220111088929859,
    "receivedKBytesPerSec" : 0.9407944663973602,
    "sentKBytesPerSec" : 0.06621501315217775
  },
  "getPlate" : {
    "transaction" : "getPlate",
    "sampleCount" : 685,
    "errorCount" : 112,
    "errorPct" : 16.350365,
    "meanResTime" : 424.96496350364987,
    "medianResTime" : 403.0,
    "minResTime" : 337.0,
    "maxResTime" : 1002.0,
    "pct1ResTime" : 519.4,
    "pct2ResTime" : 579.0,
    "pct3ResTime" : 759.28,
    "throughput" : 1.1427789715322914,
    "receivedKBytesPerSec" : 0.5206907249097454,
    "sentKBytesPerSec" : 0.9455671619334485
  },
  "loginAFlypass" : {
    "transaction" : "loginAFlypass",
    "sampleCount" : 1,
    "errorCount" : 0,
    "errorPct" : 0.0,
    "meanResTime" : 3908.0,
    "medianResTime" : 3908.0,
    "minResTime" : 3908.0,
    "maxResTime" : 3908.0,
    "pct1ResTime" : 3908.0,
    "pct2ResTime" : 3908.0,
    "pct3ResTime" : 3908.0,
    "throughput" : 0.25588536335721596,
    "receivedKBytesPerSec" : 0.5305123304759468,
    "sentKBytesPerSec" : 0.08771070560388947
  },
  "consultarMovimientos" : {
    "transaction" : "consultarMovimientos",
    "sampleCount" : 7,
    "errorCount" : 2,
    "errorPct" : 28.571428,
    "meanResTime" : 926.0,
    "medianResTime" : 1178.0,
    "minResTime" : 247.0,
    "maxResTime" : 1240.0,
    "pct1ResTime" : 1240.0,
    "pct2ResTime" : 1240.0,
    "pct3ResTime" : 1240.0,
    "throughput" : 0.08217602103706138,
    "receivedKBytesPerSec" : 4.22551897459,
    "sentKBytesPerSec" : 0.06719219577263068
  },
  "setPayment" : {
    "transaction" : "setPayment",
    "sampleCount" : 6,
    "errorCount" : 4,
    "errorPct" : 66.666664,
    "meanResTime" : 468.1666666666667,
    "medianResTime" : 350.0,
    "minResTime" : 85.0,
    "maxResTime" : 1048.0,
    "pct1ResTime" : 1048.0,
    "pct2ResTime" : 1048.0,
    "pct3ResTime" : 1048.0,
    "throughput" : 0.08602150537634408,
    "receivedKBytesPerSec" : 0.04116263440860215,
    "sentKBytesPerSec" : 6.276881720430108
  },
  "registrarSalidaPagoAutomatico" : {
    "transaction" : "registrarSalidaPagoAutomatico",
    "sampleCount" : 149,
    "errorCount" : 76,
    "errorPct" : 51.00671,
    "meanResTime" : 1212.8926174496646,
    "medianResTime" : 489.0,
    "minResTime" : 335.0,
    "maxResTime" : 25634.0,
    "pct1ResTime" : 1742.0,
    "pct2ResTime" : 2115.0,
    "pct3ResTime" : 25207.0,
    "throughput" : 0.4985361773316604,
    "receivedKBytesPerSec" : 0.24046881534922626,
    "sentKBytesPerSec" : 0.49374281158511085
  },
  "registrarSalidaPagoManual" : {
    "transaction" : "registrarSalidaPagoManual",
    "sampleCount" : 67,
    "errorCount" : 67,
    "errorPct" : 100.0,
    "meanResTime" : 374.25373134328345,
    "medianResTime" : 373.0,
    "minResTime" : 337.0,
    "maxResTime" : 449.0,
    "pct1ResTime" : 398.2,
    "pct2ResTime" : 404.2,
    "pct3ResTime" : 449.0,
    "throughput" : 0.8494668644529815,
    "receivedKBytesPerSec" : 0.37923158511150834,
    "sentKBytesPerSec" : 0.7456978901208271
  }
}