{
  "registrarEntradaEglobalt" : {
    "transaction" : "registrarEntradaEglobalt",
    "sampleCount" : 369,
    "errorCount" : 0,
    "errorPct" : 0.0,
    "meanResTime" : 569.2682926829267,
    "medianResTime" : 549.0,
    "minResTime" : 355.0,
    "maxResTime" : 2071.0,
    "pct1ResTime" : 750.0,
    "pct2ResTime" : 832.5,
    "pct3ResTime" : 1271.6000000000001,
    "throughput" : 0.6859195039073246,
    "receivedKBytesPerSec" : 0.3456391250158003,
    "sentKBytesPerSec" : 0.7274497863704634
  },
  "registrarEntradaSinSalida" : {
    "transaction" : "registrarEntradaSinSalida",
    "sampleCount" : 81,
    "errorCount" : 31,
    "errorPct" : 38.271606,
    "meanResTime" : 1658.6666666666665,
    "medianResTime" : 1277.0,
    "minResTime" : 782.0,
    "maxResTime" : 25878.0,
    "pct1ResTime" : 1889.5999999999997,
    "pct2ResTime" : 2209.7,
    "pct3ResTime" : 25878.0,
    "throughput" : 0.4073381208134693,
    "receivedKBytesPerSec" : 0.21000916353619778,
    "sentKBytesPerSec" : 0.43359233563152494
  },
  "Total" : {
    "transaction" : "Total",
    "sampleCount" : 1367,
    "errorCount" : 76,
    "errorPct" : 5.5596194,
    "meanResTime" : 624.7988295537682,
    "medianResTime" : 447.0,
    "minResTime" : 326.0,
    "maxResTime" : 25878.0,
    "pct1ResTime" : 1081.0,
    "pct2ResTime" : 1248.6,
    "pct3ResTime" : 1775.1599999999992,
    "throughput" : 2.2693015133103582,
    "receivedKBytesPerSec" : 1.103508427085201,
    "sentKBytesPerSec" : 2.172575480317503
  },
  "getPlate" : {
    "transaction" : "getPlate",
    "sampleCount" : 695,
    "errorCount" : 0,
    "errorPct" : 0.0,
    "meanResTime" : 411.1870503597124,
    "medianResTime" : 403.0,
    "minResTime" : 326.0,
    "maxResTime" : 825.0,
    "pct1ResTime" : 461.0,
    "pct2ResTime" : 494.19999999999993,
    "pct3ResTime" : 596.7999999999993,
    "throughput" : 1.1590016909751288,
    "receivedKBytesPerSec" : 0.5300061577176172,
    "sentKBytesPerSec" : 0.9903334620881376
  },
  "loginAFlypass" : {
    "transaction" : "loginAFlypass",
    "sampleCount" : 1,
    "errorCount" : 0,
    "errorPct" : 0.0,
    "meanResTime" : 1281.0,
    "medianResTime" : 1281.0,
    "minResTime" : 1281.0,
    "maxResTime" : 1281.0,
    "pct1ResTime" : 1281.0,
    "pct2ResTime" : 1281.0,
    "pct3ResTime" : 1281.0,
    "throughput" : 0.78064012490242,
    "receivedKBytesPerSec" : 1.6146443208430914,
    "sentKBytesPerSec" : 0.26758269906323184
  },
  "registrarSalidaPagoAutomatico" : {
    "transaction" : "registrarSalidaPagoAutomatico",
    "sampleCount" : 221,
    "errorCount" : 45,
    "errorPct" : 20.361992,
    "meanResTime" : 1007.3846153846154,
    "medianResTime" : 991.0,
    "minResTime" : 651.0,
    "maxResTime" : 1861.0,
    "pct1ResTime" : 1237.6,
    "pct2ResTime" : 1344.5,
    "pct3ResTime" : 1778.2400000000002,
    "throughput" : 0.5531610274277763,
    "receivedKBytesPerSec" : 0.29322393776187544,
    "sentKBytesPerSec" : 0.5931355548004866
  }
}