{
  "trackVehicleExit" : {
    "transaction" : "trackVehicleExit",
    "sampleCount" : 222,
    "errorCount" : 0,
    "errorPct" : 0.0,
    "meanResTime" : 1099.864864864864,
    "medianResTime" : 937.5,
    "minResTime" : 678.0,
    "maxResTime" : 25585.0,
    "pct1ResTime" : 1262.3000000000004,
    "pct2ResTime" : 1381.4,
    "pct3ResTime" : 1914.220000000004,
    "throughput" : 0.5291169229229181,
    "receivedKBytesPerSec" : 0.2748927763622973,
    "sentKBytesPerSec" : 0.5616700148605586
  },
  "trackVehicleEntry" : {
    "transaction" : "trackVehicleEntry",
    "sampleCount" : 368,
    "errorCount" : 0,
    "errorPct" : 0.0,
    "meanResTime" : 662.706521739131,
    "medianResTime" : 569.5,
    "minResTime" : 407.0,
    "maxResTime" : 21770.0,
    "pct1ResTime" : 754.2,
    "pct2ResTime" : 868.2500000000002,
    "pct3ResTime" : 1655.0600000000004,
    "throughput" : 0.6819790736203822,
    "receivedKBytesPerSec" : 0.34365351756652074,
    "sentKBytesPerSec" : 0.7232707753434914
  },
  "Total" : {
    "transaction" : "Total",
    "sampleCount" : 1792,
    "errorCount" : 110,
    "errorPct" : 6.138393,
    "meanResTime" : 601.3337053571428,
    "medianResTime" : 421.0,
    "minResTime" : 309.0,
    "maxResTime" : 25830.0,
    "pct1ResTime" : 945.7,
    "pct2ResTime" : 1199.7499999999995,
    "pct3ResTime" : 1914.189999999999,
    "throughput" : 2.972246318279149,
    "receivedKBytesPerSec" : 1.4333939576073418,
    "sentKBytesPerSec" : 2.797266810005955
  },
  "getPlate" : {
    "transaction" : "getPlate",
    "sampleCount" : 1036,
    "errorCount" : 0,
    "errorPct" : 0.0,
    "meanResTime" : 404.62741312741275,
    "medianResTime" : 379.0,
    "minResTime" : 309.0,
    "maxResTime" : 21373.0,
    "pct1ResTime" : 431.0,
    "pct2ResTime" : 444.0,
    "pct3ResTime" : 497.4499999999982,
    "throughput" : 1.726499771688737,
    "receivedKBytesPerSec" : 0.7958084885127771,
    "sentKBytesPerSec" : 1.475241507904236
  },
  "trackVehicleExitOutEntry" : {
    "transaction" : "trackVehicleExitOutEntry",
    "sampleCount" : 165,
    "errorCount" : 110,
    "errorPct" : 66.666664,
    "meanResTime" : 1025.0121212121212,
    "medianResTime" : 478.0,
    "minResTime" : 345.0,
    "maxResTime" : 25830.0,
    "pct1ResTime" : 1889.2,
    "pct2ResTime" : 2008.8999999999996,
    "pct3ResTime" : 10767.480000000078,
    "throughput" : 0.5495493695169961,
    "receivedKBytesPerSec" : 0.279224161187826,
    "sentKBytesPerSec" : 0.5828228664994705
  },
  "loginAFlypass" : {
    "transaction" : "loginAFlypass",
    "sampleCount" : 1,
    "errorCount" : 0,
    "errorPct" : 0.0,
    "meanResTime" : 1223.0,
    "medianResTime" : 1223.0,
    "minResTime" : 1223.0,
    "maxResTime" : 1223.0,
    "pct1ResTime" : 1223.0,
    "pct2ResTime" : 1223.0,
    "pct3ResTime" : 1223.0,
    "throughput" : 0.8176614881439085,
    "receivedKBytesPerSec" : 1.6912178045789041,
    "sentKBytesPerSec" : 0.280272639002453
  }
}