{
  "registrarEntradaEglobalt" : {
    "transaction" : "registrarEntradaEglobalt",
    "sampleCount" : 345,
    "errorCount" : 0,
    "errorPct" : 0.0,
    "meanResTime" : 677.4724637681159,
    "medianResTime" : 584.0,
    "minResTime" : 370.0,
    "maxResTime" : 21453.0,
    "pct1ResTime" : 857.8000000000002,
    "pct2ResTime" : 1022.1999999999999,
    "pct3ResTime" : 1329.0800000000022,
    "throughput" : 0.6408875084522846,
    "receivedKBytesPerSec" : 0.32294722105603396,
    "sentKBytesPerSec" : 0.6784395109006606
  },
  "registrarEntradaSinSalida" : {
    "transaction" : "registrarEntradaSinSalida",
    "sampleCount" : 79,
    "errorCount" : 30,
    "errorPct" : 37.97468,
    "meanResTime" : 1736.6202531645565,
    "medianResTime" : 1362.0,
    "minResTime" : 744.0,
    "maxResTime" : 24903.0,
    "pct1ResTime" : 2038.0,
    "pct2ResTime" : 2214.0,
    "pct3ResTime" : 24903.0,
    "throughput" : 0.39691312124439804,
    "receivedKBytesPerSec" : 0.20464360875670734,
    "sentKBytesPerSec" : 0.42172019132217287
  },
  "Total" : {
    "transaction" : "Total",
    "sampleCount" : 1294,
    "errorCount" : 120,
    "errorPct" : 9.27357,
    "meanResTime" : 698.1901081916544,
    "medianResTime" : 442.0,
    "minResTime" : 327.0,
    "maxResTime" : 24903.0,
    "pct1ResTime" : 1135.0,
    "pct2ResTime" : 1355.5,
    "pct3ResTime" : 2021.8499999999992,
    "throughput" : 2.1503196398630045,
    "receivedKBytesPerSec" : 1.0492840481470527,
    "sentKBytesPerSec" : 2.052963772764058
  },
  "getPlate" : {
    "transaction" : "getPlate",
    "sampleCount" : 668,
    "errorCount" : 0,
    "errorPct" : 0.0,
    "meanResTime" : 440.58083832335285,
    "medianResTime" : 400.0,
    "minResTime" : 327.0,
    "maxResTime" : 21412.0,
    "pct1ResTime" : 466.20000000000005,
    "pct2ResTime" : 499.64999999999986,
    "pct3ResTime" : 600.4799999999996,
    "throughput" : 1.1146170005790002,
    "receivedKBytesPerSec" : 0.509677147452316,
    "sentKBytesPerSec" : 0.9524070768376581
  },
  "loginAFlypass" : {
    "transaction" : "loginAFlypass",
    "sampleCount" : 1,
    "errorCount" : 0,
    "errorPct" : 0.0,
    "meanResTime" : 1222.0,
    "medianResTime" : 1222.0,
    "minResTime" : 1222.0,
    "maxResTime" : 1222.0,
    "pct1ResTime" : 1222.0,
    "pct2ResTime" : 1222.0,
    "pct3ResTime" : 1222.0,
    "throughput" : 0.8183306055646482,
    "receivedKBytesPerSec" : 1.6926017798690671,
    "sentKBytesPerSec" : 0.2805019946808511
  },
  "registrarSalidaPagoAutomatico" : {
    "transaction" : "registrarSalidaPagoAutomatico",
    "sampleCount" : 201,
    "errorCount" : 90,
    "errorPct" : 44.77612,
    "meanResTime" : 1179.1393034825871,
    "medianResTime" : 1037.0,
    "minResTime" : 715.0,
    "maxResTime" : 22508.0,
    "pct1ResTime" : 1353.2,
    "pct2ResTime" : 1472.8999999999996,
    "pct3ResTime" : 2154.8599999999974,
    "throughput" : 0.5039918157746931,
    "receivedKBytesPerSec" : 0.2741292938034081,
    "sentKBytesPerSec" : 0.5394287403213512
  }
}