{
  "trackVehicleExit" : {
    "transaction" : "trackVehicleExit",
    "sampleCount" : 50,
    "errorCount" : 0,
    "errorPct" : 0.0,
    "meanResTime" : 17340.359999999997,
    "medianResTime" : 1011.0,
    "minResTime" : 779.0,
    "maxResTime" : 788208.0,
    "pct1ResTime" : 1911.0999999999995,
    "pct2ResTime" : 12453.399999999905,
    "pct3ResTime" : 788208.0,
    "throughput" : 0.05563641381029318,
    "receivedKBytesPerSec" : 0.028850523177017265,
    "sentKBytesPerSec" : 0.05889635993199005
  },
  "trackVehicleEntry" : {
    "transaction" : "trackVehicleEntry",
    "sampleCount" : 151,
    "errorCount" : 0,
    "errorPct" : 0.0,
    "meanResTime" : 5897.099337748344,
    "medianResTime" : 513.0,
    "minResTime" : 419.0,
    "maxResTime" : 788193.0,
    "pct1ResTime" : 866.8000000000002,
    "pct2ResTime" : 1499.6000000000035,
    "pct3ResTime" : 380598.79999999196,
    "throughput" : 0.15273816026380208,
    "receivedKBytesPerSec" : 0.07696571357043151,
    "sentKBytesPerSec" : 0.1615385034821266
  },
  "Total" : {
    "transaction" : "Total",
    "sampleCount" : 584,
    "errorCount" : 1,
    "errorPct" : 0.17123288,
    "meanResTime" : 4682.589041095891,
    "medianResTime" : 405.0,
    "minResTime" : 317.0,
    "maxResTime" : 792570.0,
    "pct1ResTime" : 957.0,
    "pct2ResTime" : 1291.5,
    "pct3ResTime" : 4236.449999999997,
    "throughput" : 0.5535487307715276,
    "receivedKBytesPerSec" : 0.2672985681547396,
    "sentKBytesPerSec" : 0.5093956070126283
  },
  "getPlate" : {
    "transaction" : "getPlate",
    "sampleCount" : 382,
    "errorCount" : 1,
    "errorPct" : 0.2617801,
    "meanResTime" : 2554.6361256544506,
    "medianResTime" : 374.0,
    "minResTime" : 317.0,
    "maxResTime" : 792570.0,
    "pct1ResTime" : 522.7,
    "pct2ResTime" : 709.4999999999997,
    "pct3ResTime" : 3976.53,
    "throughput" : 0.36284677037878543,
    "receivedKBytesPerSec" : 0.1690037715998313,
    "sentKBytesPerSec" : 0.3081778371862848
  },
  "loginAFlypass" : {
    "transaction" : "loginAFlypass",
    "sampleCount" : 1,
    "errorCount" : 0,
    "errorPct" : 0.0,
    "meanResTime" : 1281.0,
    "medianResTime" : 1281.0,
    "minResTime" : 1281.0,
    "maxResTime" : 1281.0,
    "pct1ResTime" : 1281.0,
    "pct2ResTime" : 1281.0,
    "pct3ResTime" : 1281.0,
    "throughput" : 0.78064012490242,
    "receivedKBytesPerSec" : 1.6085455698672912,
    "sentKBytesPerSec" : 0.26758269906323184
  }
}