{
  "trackVehicleExit" : {
    "transaction" : "trackVehicleExit",
    "sampleCount" : 188,
    "errorCount" : 0,
    "errorPct" : 0.0,
    "meanResTime" : 1424.6117021276598,
    "medianResTime" : 1117.5,
    "minResTime" : 773.0,
    "maxResTime" : 26271.0,
    "pct1ResTime" : 1507.1,
    "pct2ResTime" : 1733.3499999999995,
    "pct3ResTime" : 24166.149999999965,
    "throughput" : 0.44797315973579116,
    "receivedKBytesPerSec" : 0.23234279463170887,
    "sentKBytesPerSec" : 0.4755340084304736
  },
  "trackVehicleEntry" : {
    "transaction" : "trackVehicleEntry",
    "sampleCount" : 377,
    "errorCount" : 58,
    "errorPct" : 15.384615,
    "meanResTime" : 613.6870026525205,
    "medianResTime" : 556.0,
    "minResTime" : 361.0,
    "maxResTime" : 2479.0,
    "pct1ResTime" : 832.2,
    "pct2ResTime" : 950.0999999999997,
    "pct3ResTime" : 1484.5399999999968,
    "throughput" : 0.7000291524076732,
    "receivedKBytesPerSec" : 0.3597956325701097,
    "sentKBytesPerSec" : 0.7424137299948566
  },
  "Total" : {
    "transaction" : "Total",
    "sampleCount" : 1728,
    "errorCount" : 58,
    "errorPct" : 3.3564816,
    "meanResTime" : 654.9843750000022,
    "medianResTime" : 423.5,
    "minResTime" : 307.0,
    "maxResTime" : 26291.0,
    "pct1ResTime" : 1222.3000000000004,
    "pct2ResTime" : 1685.55,
    "pct3ResTime" : 2427.9500000000016,
    "throughput" : 2.869054556865558,
    "receivedKBytesPerSec" : 1.3859025603779913,
    "sentKBytesPerSec" : 2.6791572702224347
  },
  "getPlate" : {
    "transaction" : "getPlate",
    "sampleCount" : 1062,
    "errorCount" : 0,
    "errorPct" : 0.0,
    "meanResTime" : 387.9924670433146,
    "medianResTime" : 381.0,
    "minResTime" : 307.0,
    "maxResTime" : 830.0,
    "pct1ResTime" : 435.0,
    "pct2ResTime" : 447.8499999999999,
    "pct3ResTime" : 523.4699999999966,
    "throughput" : 1.7707555223562053,
    "receivedKBytesPerSec" : 0.8162076235860634,
    "sentKBytesPerSec" : 1.5130560523531706
  },
  "trackVehicleExitOutEntry" : {
    "transaction" : "trackVehicleExitOutEntry",
    "sampleCount" : 100,
    "errorCount" : 0,
    "errorPct" : 0.0,
    "meanResTime" : 2192.749999999999,
    "medianResTime" : 1864.0,
    "minResTime" : 1334.0,
    "maxResTime" : 26291.0,
    "pct1ResTime" : 2608.3,
    "pct2ResTime" : 3000.149999999999,
    "pct3ResTime" : 26062.999999999884,
    "throughput" : 0.3344146072300438,
    "receivedKBytesPerSec" : 0.17341226214761063,
    "sentKBytesPerSec" : 0.35596867371166774
  },
  "loginAFlypass" : {
    "transaction" : "loginAFlypass",
    "sampleCount" : 1,
    "errorCount" : 0,
    "errorPct" : 0.0,
    "meanResTime" : 1303.0,
    "medianResTime" : 1303.0,
    "minResTime" : 1303.0,
    "maxResTime" : 1303.0,
    "pct1ResTime" : 1303.0,
    "pct2ResTime" : 1303.0,
    "pct3ResTime" : 1303.0,
    "throughput" : 0.7674597083653109,
    "receivedKBytesPerSec" : 1.5873824827321565,
    "sentKBytesPerSec" : 0.2630648023791251
  }
}