{
  "trackVehicleExit" : {
    "transaction" : "trackVehicleExit",
    "sampleCount" : 65,
    "errorCount" : 0,
    "errorPct" : 0.0,
    "meanResTime" : 2811.9538461538464,
    "medianResTime" : 1879.0,
    "minResTime" : 1187.0,
    "maxResTime" : 22132.0,
    "pct1ResTime" : 4150.0,
    "pct2ResTime" : 8889.599999999995,
    "pct3ResTime" : 22132.0,
    "throughput" : 0.31154589070970157,
    "receivedKBytesPerSec" : 0.16155358199887843,
    "sentKBytesPerSec" : 0.3294962887095769
  },
  "trackVehicleEntry" : {
    "transaction" : "trackVehicleEntry",
    "sampleCount" : 183,
    "errorCount" : 30,
    "errorPct" : 16.393442,
    "meanResTime" : 2922.4699453551925,
    "medianResTime" : 1184.0,
    "minResTime" : 489.0,
    "maxResTime" : 64520.0,
    "pct1ResTime" : 6054.4,
    "pct2ResTime" : 8552.199999999992,
    "pct3ResTime" : 52270.27999999995,
    "throughput" : 0.25429346021141097,
    "receivedKBytesPerSec" : 0.13361968415501618,
    "sentKBytesPerSec" : 0.2672285122026121
  },
  "Total" : {
    "transaction" : "Total",
    "sampleCount" : 55084,
    "errorCount" : 55,
    "errorPct" : 0.0998475,
    "meanResTime" : 2147.9931377532657,
    "medianResTime" : 947.0,
    "minResTime" : 305.0,
    "maxResTime" : 99393.0,
    "pct1ResTime" : 4585.800000000003,
    "pct2ResTime" : 8222.35000000001,
    "pct3ResTime" : 19119.82000000003,
    "throughput" : 70.42197701607903,
    "receivedKBytesPerSec" : 32.50996574441095,
    "sentKBytesPerSec" : 60.218004485591266
  },
  "getPlate" : {
    "transaction" : "getPlate",
    "sampleCount" : 54834,
    "errorCount" : 25,
    "errorPct" : 0.04559215,
    "meanResTime" : 2144.6505088083923,
    "medianResTime" : 946.5,
    "minResTime" : 305.0,
    "maxResTime" : 99393.0,
    "pct1ResTime" : 4558.9000000000015,
    "pct2ResTime" : 8203.650000000005,
    "pct3ResTime" : 19101.69000000005,
    "throughput" : 70.30730114281099,
    "receivedKBytesPerSec" : 32.43319077846546,
    "sentKBytesPerSec" : 60.05844662434497
  },
  "loginAFlypass" : {
    "transaction" : "loginAFlypass",
    "sampleCount" : 2,
    "errorCount" : 0,
    "errorPct" : 0.0,
    "meanResTime" : 1349.5,
    "medianResTime" : 1349.5,
    "minResTime" : 1280.0,
    "maxResTime" : 1419.0,
    "pct1ResTime" : 1419.0,
    "pct2ResTime" : 1419.0,
    "pct3ResTime" : 1419.0,
    "throughput" : 0.011664936367772114,
    "receivedKBytesPerSec" : 0.024127280495059897,
    "sentKBytesPerSec" : 0.003998430337000011
  }
}