{
  "trackVehicleExit" : {
    "transaction" : "trackVehicleExit",
    "sampleCount" : 169,
    "errorCount" : 0,
    "errorPct" : 0.0,
    "meanResTime" : 1835.207100591715,
    "medianResTime" : 1269.0,
    "minResTime" : 841.0,
    "maxResTime" : 25240.0,
    "pct1ResTime" : 1966.0,
    "pct2ResTime" : 2924.0,
    "pct3ResTime" : 25005.500000000004,
    "throughput" : 0.4025937519355469,
    "receivedKBytesPerSec" : 0.2137592854139569,
    "sentKBytesPerSec" : 0.427362703470644
  },
  "trackVehicleEntry" : {
    "transaction" : "trackVehicleEntry",
    "sampleCount" : 342,
    "errorCount" : 0,
    "errorPct" : 0.0,
    "meanResTime" : 928.1754385964916,
    "medianResTime" : 781.5,
    "minResTime" : 402.0,
    "maxResTime" : 5046.0,
    "pct1ResTime" : 1388.1999999999998,
    "pct2ResTime" : 1783.3499999999976,
    "pct3ResTime" : 3632.7799999999916,
    "throughput" : 0.6338603764982366,
    "receivedKBytesPerSec" : 0.31940620534481445,
    "sentKBytesPerSec" : 0.6722386414815281
  },
  "Total" : {
    "transaction" : "Total",
    "sampleCount" : 1635,
    "errorCount" : 0,
    "errorPct" : 0.0,
    "meanResTime" : 632.7027522935773,
    "medianResTime" : 379.0,
    "minResTime" : 299.0,
    "maxResTime" : 25240.0,
    "pct1ResTime" : 1188.2000000000003,
    "pct2ResTime" : 1535.5999999999995,
    "pct3ResTime" : 2546.4799999999864,
    "throughput" : 2.713616379288883,
    "receivedKBytesPerSec" : 1.2975045595186525,
    "sentKBytesPerSec" : 2.4929032733723693
  },
  "getPlate" : {
    "transaction" : "getPlate",
    "sampleCount" : 1123,
    "errorCount" : 0,
    "errorPct" : 0.0,
    "meanResTime" : 361.0258236865536,
    "medianResTime" : 364.0,
    "minResTime" : 299.0,
    "maxResTime" : 1833.0,
    "pct1ResTime" : 398.0,
    "pct2ResTime" : 412.0,
    "pct3ResTime" : 472.79999999999995,
    "throughput" : 1.8717945726291296,
    "receivedKBytesPerSec" : 0.8627803108212395,
    "sentKBytesPerSec" : 1.5993915183162517
  },
  "loginAFlypass" : {
    "transaction" : "loginAFlypass",
    "sampleCount" : 1,
    "errorCount" : 0,
    "errorPct" : 0.0,
    "meanResTime" : 1451.0,
    "medianResTime" : 1451.0,
    "minResTime" : 1451.0,
    "maxResTime" : 1451.0,
    "pct1ResTime" : 1451.0,
    "pct2ResTime" : 1451.0,
    "pct3ResTime" : 1451.0,
    "throughput" : 0.6891798759476223,
    "receivedKBytesPerSec" : 1.4254716574776016,
    "sentKBytesPerSec" : 0.23623255513439007
  }
}