{
  "registrarEntradaEglobalt" : {
    "transaction" : "registrarEntradaEglobalt",
    "sampleCount" : 353,
    "errorCount" : 136,
    "errorPct" : 38.526913,
    "meanResTime" : 616.3427762039657,
    "medianResTime" : 441.0,
    "minResTime" : 345.0,
    "maxResTime" : 5235.0,
    "pct1ResTime" : 868.6,
    "pct2ResTime" : 1076.3000000000002,
    "pct3ResTime" : 4307.059999999994,
    "throughput" : 0.6547245890814938,
    "receivedKBytesPerSec" : 0.33109170630408896,
    "sentKBytesPerSec" : 0.6700461500849473
  },
  "loginEnAppAFlypass" : {
    "transaction" : "loginEnAppAFlypass",
    "sampleCount" : 7,
    "errorCount" : 2,
    "errorPct" : 28.571428,
    "meanResTime" : 485.71428571428567,
    "medianResTime" : 439.0,
    "minResTime" : 389.0,
    "maxResTime" : 659.0,
    "pct1ResTime" : 659.0,
    "pct2ResTime" : 659.0,
    "pct3ResTime" : 659.0,
    "throughput" : 0.07885458088790259,
    "receivedKBytesPerSec" : 0.13021786746234693,
    "sentKBytesPerSec" : 0.040307363891360914
  },
  "registrarEntradaSinSalida" : {
    "transaction" : "registrarEntradaSinSalida",
    "sampleCount" : 104,
    "errorCount" : 69,
    "errorPct" : 66.34615,
    "meanResTime" : 1116.221153846154,
    "medianResTime" : 408.0,
    "minResTime" : 347.0,
    "maxResTime" : 26268.0,
    "pct1ResTime" : 1790.0,
    "pct2ResTime" : 2207.0,
    "pct3ResTime" : 25147.550000000065,
    "throughput" : 0.5220228384991844,
    "receivedKBytesPerSec" : 0.24596287175304304,
    "sentKBytesPerSec" : 0.4937149030618647
  },
  "Total" : {
    "transaction" : "Total",
    "sampleCount" : 1306,
    "errorCount" : 449,
    "errorPct" : 34.379787,
    "meanResTime" : 673.8637059724359,
    "medianResTime" : 415.0,
    "minResTime" : 88.0,
    "maxResTime" : 27337.0,
    "pct1ResTime" : 1236.3,
    "pct2ResTime" : 1659.0499999999977,
    "pct3ResTime" : 3987.8100000000013,
    "throughput" : 2.1678831268643215,
    "receivedKBytesPerSec" : 1.6944205799087364,
    "sentKBytesPerSec" : 2.6820466524382045
  },
  "consultarServiciosEnCurso" : {
    "transaction" : "consultarServiciosEnCurso",
    "sampleCount" : 7,
    "errorCount" : 2,
    "errorPct" : 28.571428,
    "meanResTime" : 300.7142857142857,
    "medianResTime" : 360.0,
    "minResTime" : 95.0,
    "maxResTime" : 420.0,
    "pct1ResTime" : 420.0,
    "pct2ResTime" : 420.0,
    "pct3ResTime" : 420.0,
    "throughput" : 0.07877560207067297,
    "receivedKBytesPerSec" : 0.4429259333502138,
    "sentKBytesPerSec" : 0.06329083319266261
  },
  "getPlate" : {
    "transaction" : "getPlate",
    "sampleCount" : 612,
    "errorCount" : 99,
    "errorPct" : 16.17647,
    "meanResTime" : 518.3823529411768,
    "medianResTime" : 404.0,
    "minResTime" : 344.0,
    "maxResTime" : 4286.0,
    "pct1ResTime" : 563.4000000000005,
    "pct2ResTime" : 741.6500000000004,
    "pct3ResTime" : 3934.2200000000003,
    "throughput" : 1.02121524614291,
    "receivedKBytesPerSec" : 0.4652199528897722,
    "sentKBytesPerSec" : 0.8406911777098081
  },
  "loginAFlypass" : {
    "transaction" : "loginAFlypass",
    "sampleCount" : 1,
    "errorCount" : 0,
    "errorPct" : 0.0,
    "meanResTime" : 1476.0,
    "medianResTime" : 1476.0,
    "minResTime" : 1476.0,
    "maxResTime" : 1476.0,
    "pct1ResTime" : 1476.0,
    "pct2ResTime" : 1476.0,
    "pct3ResTime" : 1476.0,
    "throughput" : 0.6775067750677507,
    "receivedKBytesPerSec" : 1.3960344681571817,
    "sentKBytesPerSec" : 0.2322313262195122
  },
  "consultarMovimientos" : {
    "transaction" : "consultarMovimientos",
    "sampleCount" : 7,
    "errorCount" : 2,
    "errorPct" : 28.571428,
    "meanResTime" : 985.5714285714286,
    "medianResTime" : 1163.0,
    "minResTime" : 255.0,
    "maxResTime" : 1420.0,
    "pct1ResTime" : 1420.0,
    "pct2ResTime" : 1420.0,
    "pct3ResTime" : 1420.0,
    "throughput" : 0.07650440446785722,
    "receivedKBytesPerSec" : 3.9339679043531004,
    "sentKBytesPerSec" : 0.06239463567509672
  },
  "setPayment" : {
    "transaction" : "setPayment",
    "sampleCount" : 6,
    "errorCount" : 3,
    "errorPct" : 50.0,
    "meanResTime" : 532.8333333333334,
    "medianResTime" : 578.0,
    "minResTime" : 88.0,
    "maxResTime" : 1051.0,
    "pct1ResTime" : 1051.0,
    "pct2ResTime" : 1051.0,
    "pct3ResTime" : 1051.0,
    "throughput" : 0.07897230704432978,
    "receivedKBytesPerSec" : 0.03794372565020533,
    "sentKBytesPerSec" : 5.762356286853743
  },
  "registrarSalidaPagoAutomatico" : {
    "transaction" : "registrarSalidaPagoAutomatico",
    "sampleCount" : 152,
    "errorCount" : 79,
    "errorPct" : 51.973682,
    "meanResTime" : 1168.9934210526312,
    "medianResTime" : 710.0,
    "minResTime" : 353.0,
    "maxResTime" : 27337.0,
    "pct1ResTime" : 2016.4,
    "pct2ResTime" : 2189.35,
    "pct3ResTime" : 15460.229999999974,
    "throughput" : 0.5084734422982999,
    "receivedKBytesPerSec" : 0.24480215532525573,
    "sentKBytesPerSec" : 0.49837571274093945
  },
  "registrarSalidaPagoManual" : {
    "transaction" : "registrarSalidaPagoManual",
    "sampleCount" : 57,
    "errorCount" : 57,
    "errorPct" : 100.0,
    "meanResTime" : 603.4385964912284,
    "medianResTime" : 388.0,
    "minResTime" : 345.0,
    "maxResTime" : 3870.0,
    "pct1ResTime" : 729.6000000000001,
    "pct2ResTime" : 3815.0,
    "pct3ResTime" : 3870.0,
    "throughput" : 0.7221771741333873,
    "receivedKBytesPerSec" : 0.32267095881689645,
    "sentKBytesPerSec" : 0.6369902593186195
  }
}