{
  "Total" : {
    "transaction" : "Total",
    "sampleCount" : 6331,
    "errorCount" : 0,
    "errorPct" : 0.0,
    "meanResTime" : 385.1791186226504,
    "medianResTime" : 381.0,
    "minResTime" : 320.0,
    "maxResTime" : 2100.0,
    "pct1ResTime" : 426.0,
    "pct2ResTime" : 437.0,
    "pct3ResTime" : 467.6800000000003,
    "throughput" : 20.95726122261173,
    "receivedKBytesPerSec" : 9.60303106617708,
    "sentKBytesPerSec" : 17.906122063591766
  },
  "getPlate" : {
    "transaction" : "getPlate",
    "sampleCount" : 6330,
    "errorCount" : 0,
    "errorPct" : 0.0,
    "meanResTime" : 385.0454976303316,
    "medianResTime" : 381.0,
    "minResTime" : 320.0,
    "maxResTime" : 2100.0,
    "pct1ResTime" : 426.0,
    "pct2ResTime" : 437.0,
    "pct3ResTime" : 467.0,
    "throughput" : 21.08741784068839,
    "receivedKBytesPerSec" : 9.657307468002426,
    "sentKBytesPerSec" : 18.01903379941635
  },
  "loginAFlypass" : {
    "transaction" : "loginAFlypass",
    "sampleCount" : 1,
    "errorCount" : 0,
    "errorPct" : 0.0,
    "meanResTime" : 1231.0,
    "medianResTime" : 1231.0,
    "minResTime" : 1231.0,
    "maxResTime" : 1231.0,
    "pct1ResTime" : 1231.0,
    "pct2ResTime" : 1231.0,
    "pct3ResTime" : 1231.0,
    "throughput" : 0.8123476848090982,
    "receivedKBytesPerSec" : 1.6802269496344435,
    "sentKBytesPerSec" : 0.2784512083671811
  }
}