{
  "trackVehicleExit" : {
    "transaction" : "trackVehicleExit",
    "sampleCount" : 170,
    "errorCount" : 0,
    "errorPct" : 0.0,
    "meanResTime" : 1665.0588235294117,
    "medianResTime" : 1224.5,
    "minResTime" : 780.0,
    "maxResTime" : 25662.0,
    "pct1ResTime" : 1647.4,
    "pct2ResTime" : 1932.2999999999993,
    "pct3ResTime" : 25040.749999999993,
    "throughput" : 0.4060933106876593,
    "receivedKBytesPerSec" : 0.21062124736935142,
    "sentKBytesPerSec" : 0.4310775671069196
  },
  "trackVehicleEntry" : {
    "transaction" : "trackVehicleEntry",
    "sampleCount" : 370,
    "errorCount" : 0,
    "errorPct" : 0.0,
    "meanResTime" : 661.5405405405402,
    "medianResTime" : 599.5,
    "minResTime" : 406.0,
    "maxResTime" : 1904.0,
    "pct1ResTime" : 869.5000000000002,
    "pct2ResTime" : 1041.7499999999998,
    "pct3ResTime" : 1704.470000000001,
    "throughput" : 0.6869470772258478,
    "receivedKBytesPerSec" : 0.34615692563333733,
    "sentKBytesPerSec" : 0.7285395760422565
  },
  "Total" : {
    "transaction" : "Total",
    "sampleCount" : 1705,
    "errorCount" : 0,
    "errorPct" : 0.0,
    "meanResTime" : 679.8680351906165,
    "medianResTime" : 424.0,
    "minResTime" : 306.0,
    "maxResTime" : 25662.0,
    "pct1ResTime" : 1365.6000000000004,
    "pct2ResTime" : 1753.499999999999,
    "pct3ResTime" : 2450.3800000000015,
    "throughput" : 2.8236517683843743,
    "receivedKBytesPerSec" : 1.3573362882310858,
    "sentKBytesPerSec" : 2.6350455060257225
  },
  "getPlate" : {
    "transaction" : "getPlate",
    "sampleCount" : 1053,
    "errorCount" : 0,
    "errorPct" : 0.0,
    "meanResTime" : 395.0997150997149,
    "medianResTime" : 381.0,
    "minResTime" : 306.0,
    "maxResTime" : 4147.0,
    "pct1ResTime" : 436.0,
    "pct2ResTime" : 449.5999999999999,
    "pct3ResTime" : 578.1600000000017,
    "throughput" : 1.7557110629805073,
    "receivedKBytesPerSec" : 0.8092730680925776,
    "sentKBytesPerSec" : 1.5002006802338281
  },
  "trackVehicleExitOutEntry" : {
    "transaction" : "trackVehicleExitOutEntry",
    "sampleCount" : 111,
    "errorCount" : 0,
    "errorPct" : 0.0,
    "meanResTime" : 1917.990990990991,
    "medianResTime" : 1863.0,
    "minResTime" : 897.0,
    "maxResTime" : 3387.0,
    "pct1ResTime" : 2446.6,
    "pct2ResTime" : 2627.999999999999,
    "pct3ResTime" : 3329.5199999999977,
    "throughput" : 0.3696242153810293,
    "receivedKBytesPerSec" : 0.19162484286808412,
    "sentKBytesPerSec" : 0.39344765113800967
  },
  "loginAFlypass" : {
    "transaction" : "loginAFlypass",
    "sampleCount" : 1,
    "errorCount" : 0,
    "errorPct" : 0.0,
    "meanResTime" : 2408.0,
    "medianResTime" : 2408.0,
    "minResTime" : 2408.0,
    "maxResTime" : 2408.0,
    "pct1ResTime" : 2408.0,
    "pct2ResTime" : 2408.0,
    "pct3ResTime" : 2408.0,
    "throughput" : 0.4152823920265781,
    "receivedKBytesPerSec" : 0.858953228820598,
    "sentKBytesPerSec" : 0.14234777304817275
  }
}