{
  "Total" : {
    "transaction" : "Total",
    "sampleCount" : 41357,
    "errorCount" : 9,
    "errorPct" : 0.021761734,
    "meanResTime" : 2286.3606644582414,
    "medianResTime" : 1000.0,
    "minResTime" : 338.0,
    "maxResTime" : 101528.0,
    "pct1ResTime" : 3912.7000000000044,
    "pct2ResTime" : 7433.700000000004,
    "pct3ResTime" : 16228.840000000026,
    "throughput" : 67.04492952152451,
    "receivedKBytesPerSec" : 30.742229611294388,
    "sentKBytesPerSec" : 57.27607176727108
  },
  "getPlate" : {
    "transaction" : "getPlate",
    "sampleCount" : 41356,
    "errorCount" : 9,
    "errorPct" : 0.02176226,
    "meanResTime" : 2286.391333784697,
    "medianResTime" : 1000.0,
    "minResTime" : 338.0,
    "maxResTime" : 101528.0,
    "pct1ResTime" : 3912.7000000000044,
    "pct2ResTime" : 7433.700000000004,
    "pct3ResTime" : 16228.840000000026,
    "throughput" : 67.22115395555758,
    "receivedKBytesPerSec" : 30.820417454321444,
    "sentKBytesPerSec" : 57.427450658643295
  },
  "loginAFlypass" : {
    "transaction" : "loginAFlypass",
    "sampleCount" : 1,
    "errorCount" : 0,
    "errorPct" : 0.0,
    "meanResTime" : 1018.0,
    "medianResTime" : 1018.0,
    "minResTime" : 1018.0,
    "maxResTime" : 1018.0,
    "pct1ResTime" : 1018.0,
    "pct2ResTime" : 1018.0,
    "pct3ResTime" : 1018.0,
    "throughput" : 0.9823182711198427,
    "receivedKBytesPerSec" : 2.0317872053045187,
    "sentKBytesPerSec" : 0.3367126105108055
  }
}