{
  "registrarEntradaEglobalt" : {
    "transaction" : "registrarEntradaEglobalt",
    "sampleCount" : 357,
    "errorCount" : 74,
    "errorPct" : 20.72829,
    "meanResTime" : 591.0308123249298,
    "medianResTime" : 551.0,
    "minResTime" : 334.0,
    "maxResTime" : 4148.0,
    "pct1ResTime" : 813.2,
    "pct2ResTime" : 888.3,
    "pct3ResTime" : 1493.0200000000004,
    "throughput" : 0.6619262610436927,
    "receivedKBytesPerSec" : 0.3256252491494155,
    "sentKBytesPerSec" : 0.6759246195546367
  },
  "loginEnAppAFlypass" : {
    "transaction" : "loginEnAppAFlypass",
    "sampleCount" : 7,
    "errorCount" : 2,
    "errorPct" : 28.571428,
    "meanResTime" : 537.8571428571428,
    "medianResTime" : 492.0,
    "minResTime" : 377.0,
    "maxResTime" : 1046.0,
    "pct1ResTime" : 1046.0,
    "pct2ResTime" : 1046.0,
    "pct3ResTime" : 1046.0,
    "throughput" : 0.07231927928672528,
    "receivedKBytesPerSec" : 0.11988978735549058,
    "sentKBytesPerSec" : 0.036986952827167255
  },
  "registrarEntradaSinSalida" : {
    "transaction" : "registrarEntradaSinSalida",
    "sampleCount" : 109,
    "errorCount" : 80,
    "errorPct" : 73.39449,
    "meanResTime" : 1015.3669724770645,
    "medianResTime" : 392.0,
    "minResTime" : 330.0,
    "maxResTime" : 25130.0,
    "pct1ResTime" : 2124.0,
    "pct2ResTime" : 2304.0,
    "pct3ResTime" : 22885.000000000127,
    "throughput" : 0.5474663358429726,
    "receivedKBytesPerSec" : 0.2546579763710516,
    "sentKBytesPerSec" : 0.5025177487079292
  },
  "Total" : {
    "transaction" : "Total",
    "sampleCount" : 1429,
    "errorCount" : 424,
    "errorPct" : 29.671099,
    "meanResTime" : 565.244926522043,
    "medianResTime" : 399.0,
    "minResTime" : 82.0,
    "maxResTime" : 26255.0,
    "pct1ResTime" : 871.0,
    "pct2ResTime" : 1327.5,
    "pct3ResTime" : 2087.2000000000016,
    "throughput" : 2.371831472162101,
    "receivedKBytesPerSec" : 1.717558845570368,
    "sentKBytesPerSec" : 2.8450385111404706
  },
  "consultarServiciosEnCurso" : {
    "transaction" : "consultarServiciosEnCurso",
    "sampleCount" : 6,
    "errorCount" : 2,
    "errorPct" : 33.333332,
    "meanResTime" : 493.00000000000006,
    "medianResTime" : 492.0,
    "minResTime" : 82.0,
    "maxResTime" : 933.0,
    "pct1ResTime" : 933.0,
    "pct2ResTime" : 933.0,
    "pct3ResTime" : 933.0,
    "throughput" : 0.07409511342726947,
    "receivedKBytesPerSec" : 0.9030824339009842,
    "sentKBytesPerSec" : 0.05766973183743532
  },
  "getPlate" : {
    "transaction" : "getPlate",
    "sampleCount" : 704,
    "errorCount" : 114,
    "errorPct" : 16.193182,
    "meanResTime" : 396.5127840909088,
    "medianResTime" : 388.0,
    "minResTime" : 328.0,
    "maxResTime" : 799.0,
    "pct1ResTime" : 442.0,
    "pct2ResTime" : 476.0,
    "pct3ResTime" : 583.1000000000008,
    "throughput" : 1.1747195023461017,
    "receivedKBytesPerSec" : 0.5349932712267141,
    "sentKBytesPerSec" : 0.9671422043636491
  },
  "loginAFlypass" : {
    "transaction" : "loginAFlypass",
    "sampleCount" : 1,
    "errorCount" : 0,
    "errorPct" : 0.0,
    "meanResTime" : 1548.0,
    "medianResTime" : 1548.0,
    "minResTime" : 1548.0,
    "maxResTime" : 1548.0,
    "pct1ResTime" : 1548.0,
    "pct2ResTime" : 1548.0,
    "pct3ResTime" : 1548.0,
    "throughput" : 0.6459948320413437,
    "receivedKBytesPerSec" : 1.3361494670542635,
    "sentKBytesPerSec" : 0.2214298691860465
  },
  "consultarMovimientos" : {
    "transaction" : "consultarMovimientos",
    "sampleCount" : 6,
    "errorCount" : 2,
    "errorPct" : 33.333332,
    "meanResTime" : 1097.8333333333333,
    "medianResTime" : 1303.0,
    "minResTime" : 277.0,
    "maxResTime" : 1797.0,
    "pct1ResTime" : 1797.0,
    "pct2ResTime" : 1797.0,
    "pct3ResTime" : 1797.0,
    "throughput" : 0.07242178447276941,
    "receivedKBytesPerSec" : 3.477801591468714,
    "sentKBytesPerSec" : 0.05728676310834299
  },
  "setPayment" : {
    "transaction" : "setPayment",
    "sampleCount" : 6,
    "errorCount" : 4,
    "errorPct" : 66.666664,
    "meanResTime" : 493.8333333333333,
    "medianResTime" : 328.0,
    "minResTime" : 83.0,
    "maxResTime" : 1193.0,
    "pct1ResTime" : 1193.0,
    "pct2ResTime" : 1193.0,
    "pct3ResTime" : 1193.0,
    "throughput" : 0.07353842382644932,
    "receivedKBytesPerSec" : 0.033896617232503985,
    "sentKBytesPerSec" : 5.3660068635862235
  },
  "registrarSalidaPagoAutomatico" : {
    "transaction" : "registrarSalidaPagoAutomatico",
    "sampleCount" : 165,
    "errorCount" : 78,
    "errorPct" : 47.272728,
    "meanResTime" : 990.6909090909097,
    "medianResTime" : 874.0,
    "minResTime" : 335.0,
    "maxResTime" : 26255.0,
    "pct1ResTime" : 1487.8,
    "pct2ResTime" : 1609.3999999999999,
    "pct3ResTime" : 10106.120000000083,
    "throughput" : 0.5529101504250706,
    "receivedKBytesPerSec" : 0.2680122000462434,
    "sentKBytesPerSec" : 0.5438487855663643
  },
  "registrarSalidaPagoManual" : {
    "transaction" : "registrarSalidaPagoManual",
    "sampleCount" : 68,
    "errorCount" : 68,
    "errorPct" : 100.0,
    "meanResTime" : 376.94117647058835,
    "medianResTime" : 369.0,
    "minResTime" : 334.0,
    "maxResTime" : 619.0,
    "pct1ResTime" : 407.20000000000005,
    "pct2ResTime" : 451.55,
    "pct3ResTime" : 619.0,
    "throughput" : 0.8554319931565441,
    "receivedKBytesPerSec" : 0.37980433565641825,
    "sentKBytesPerSec" : 0.710173665274493
  }
}