{
  "Total" : {
    "transaction" : "Total",
    "sampleCount" : 1587,
    "errorCount" : 0,
    "errorPct" : 0.0,
    "meanResTime" : 391.1197227473221,
    "medianResTime" : 382.0,
    "minResTime" : 322.0,
    "maxResTime" : 3793.0,
    "pct1ResTime" : 430.0,
    "pct2ResTime" : 441.5999999999999,
    "pct3ResTime" : 635.5999999999995,
    "throughput" : 12.954044567790383,
    "receivedKBytesPerSec" : 5.945656221941066,
    "sentKBytesPerSec" : 11.064952924761243
  },
  "getPlate" : {
    "transaction" : "getPlate",
    "sampleCount" : 1586,
    "errorCount" : 0,
    "errorPct" : 0.0,
    "meanResTime" : 390.2030264817148,
    "medianResTime" : 382.0,
    "minResTime" : 322.0,
    "maxResTime" : 3793.0,
    "pct1ResTime" : 430.0,
    "pct2ResTime" : 441.0,
    "pct3ResTime" : 628.9099999999992,
    "throughput" : 13.214244055256536,
    "receivedKBytesPerSec" : 6.051673729607905,
    "sentKBytesPerSec" : 11.291468308935029
  },
  "loginAFlypass" : {
    "transaction" : "loginAFlypass",
    "sampleCount" : 1,
    "errorCount" : 0,
    "errorPct" : 0.0,
    "meanResTime" : 1845.0,
    "medianResTime" : 1845.0,
    "minResTime" : 1845.0,
    "maxResTime" : 1845.0,
    "pct1ResTime" : 1845.0,
    "pct2ResTime" : 1845.0,
    "pct3ResTime" : 1845.0,
    "throughput" : 0.5420054200542005,
    "receivedKBytesPerSec" : 1.1210619918699187,
    "sentKBytesPerSec" : 0.18578506097560976
  }
}