{
  "trackVehicleExit" : {
    "transaction" : "trackVehicleExit",
    "sampleCount" : 293,
    "errorCount" : 0,
    "errorPct" : 0.0,
    "meanResTime" : 1138.4129692832767,
    "medianResTime" : 930.0,
    "minResTime" : 696.0,
    "maxResTime" : 25650.0,
    "pct1ResTime" : 1618.2000000000003,
    "pct2ResTime" : 2031.8000000000006,
    "pct3ResTime" : 2760.4000000000037,
    "throughput" : 0.6522460191844921,
    "receivedKBytesPerSec" : 0.338501318683398,
    "sentKBytesPerSec" : 0.6898266003679736
  },
  "trackVehicleEntry" : {
    "transaction" : "trackVehicleEntry",
    "sampleCount" : 528,
    "errorCount" : 0,
    "errorPct" : 0.0,
    "meanResTime" : 634.837121212121,
    "medianResTime" : 534.5,
    "minResTime" : 388.0,
    "maxResTime" : 4560.0,
    "pct1ResTime" : 849.6000000000001,
    "pct2ResTime" : 1254.199999999998,
    "pct3ResTime" : 2101.720000000001,
    "throughput" : 0.9604348150344428,
    "receivedKBytesPerSec" : 0.4839691060134497,
    "sentKBytesPerSec" : 1.0148344432297531
  },
  "Total" : {
    "transaction" : "Total",
    "sampleCount" : 1870,
    "errorCount" : 0,
    "errorPct" : 0.0,
    "meanResTime" : 564.3925133689842,
    "medianResTime" : 406.5,
    "minResTime" : 310.0,
    "maxResTime" : 25650.0,
    "pct1ResTime" : 938.8000000000002,
    "pct2ResTime" : 1131.1499999999987,
    "pct3ResTime" : 2088.279999999999,
    "throughput" : 3.103106093040082,
    "receivedKBytesPerSec" : 1.4981130765844926,
    "sentKBytesPerSec" : 2.926608507281513
  },
  "getPlate" : {
    "transaction" : "getPlate",
    "sampleCount" : 1048,
    "errorCount" : 0,
    "errorPct" : 0.0,
    "meanResTime" : 367.3034351145037,
    "medianResTime" : 364.0,
    "minResTime" : 310.0,
    "maxResTime" : 1213.0,
    "pct1ResTime" : 408.1,
    "pct2ResTime" : 419.0,
    "pct3ResTime" : 455.5899999999999,
    "throughput" : 1.746850085925689,
    "receivedKBytesPerSec" : 0.8044252849674216,
    "sentKBytesPerSec" : 1.492669751157205
  },
  "loginAFlypass" : {
    "transaction" : "loginAFlypass",
    "sampleCount" : 1,
    "errorCount" : 0,
    "errorPct" : 0.0,
    "meanResTime" : 1731.0,
    "medianResTime" : 1731.0,
    "minResTime" : 1731.0,
    "maxResTime" : 1731.0,
    "pct1ResTime" : 1731.0,
    "pct2ResTime" : 1731.0,
    "pct3ResTime" : 1731.0,
    "throughput" : 0.5777007510109763,
    "receivedKBytesPerSec" : 1.1948927642980935,
    "sentKBytesPerSec" : 0.19802047227036393
  }
}