{
  "trackVehicleExit" : {
    "transaction" : "trackVehicleExit",
    "sampleCount" : 183,
    "errorCount" : 0,
    "errorPct" : 0.0,
    "meanResTime" : 1511.9125683060113,
    "medianResTime" : 1211.0,
    "minResTime" : 746.0,
    "maxResTime" : 27735.0,
    "pct1ResTime" : 1615.8,
    "pct2ResTime" : 1799.999999999999,
    "pct3ResTime" : 25818.11999999999,
    "throughput" : 0.4370733757827912,
    "receivedKBytesPerSec" : 0.2266837662170941,
    "sentKBytesPerSec" : 0.46396363230067783
  },
  "trackVehicleEntry" : {
    "transaction" : "trackVehicleEntry",
    "sampleCount" : 357,
    "errorCount" : 0,
    "errorPct" : 0.0,
    "meanResTime" : 699.8767507002794,
    "medianResTime" : 627.0,
    "minResTime" : 418.0,
    "maxResTime" : 2490.0,
    "pct1ResTime" : 953.1999999999999,
    "pct2ResTime" : 1146.0999999999992,
    "pct3ResTime" : 1604.2000000000003,
    "throughput" : 0.6619655369986817,
    "receivedKBytesPerSec" : 0.3335685713782419,
    "sentKBytesPerSec" : 0.7020454816216487
  },
  "Total" : {
    "transaction" : "Total",
    "sampleCount" : 1694,
    "errorCount" : 0,
    "errorPct" : 0.0,
    "meanResTime" : 682.9008264462822,
    "medianResTime" : 432.0,
    "minResTime" : 311.0,
    "maxResTime" : 27735.0,
    "pct1ResTime" : 1352.0,
    "pct2ResTime" : 1739.5,
    "pct3ResTime" : 2385.299999999999,
    "throughput" : 2.813159074679908,
    "receivedKBytesPerSec" : 1.3529907978643905,
    "sentKBytesPerSec" : 2.626714242863311
  },
  "getPlate" : {
    "transaction" : "getPlate",
    "sampleCount" : 1042,
    "errorCount" : 0,
    "errorPct" : 0.0,
    "meanResTime" : 400.22936660268687,
    "medianResTime" : 390.0,
    "minResTime" : 311.0,
    "maxResTime" : 3904.0,
    "pct1ResTime" : 442.0,
    "pct2ResTime" : 455.0,
    "pct3ResTime" : 515.0,
    "throughput" : 1.7375875880883536,
    "receivedKBytesPerSec" : 0.8009192788844754,
    "sentKBytesPerSec" : 1.4847159359043627
  },
  "trackVehicleExitOutEntry" : {
    "transaction" : "trackVehicleExitOutEntry",
    "sampleCount" : 111,
    "errorCount" : 0,
    "errorPct" : 0.0,
    "meanResTime" : 1906.7567567567573,
    "medianResTime" : 1805.0,
    "minResTime" : 1281.0,
    "maxResTime" : 3803.0,
    "pct1ResTime" : 2404.7999999999997,
    "pct2ResTime" : 2531.6,
    "pct3ResTime" : 3775.039999999999,
    "throughput" : 0.3706907203756332,
    "receivedKBytesPerSec" : 0.1922234106635364,
    "sentKBytesPerSec" : 0.39458289571234406
  },
  "loginAFlypass" : {
    "transaction" : "loginAFlypass",
    "sampleCount" : 1,
    "errorCount" : 0,
    "errorPct" : 0.0,
    "meanResTime" : 1609.0,
    "medianResTime" : 1609.0,
    "minResTime" : 1609.0,
    "maxResTime" : 1609.0,
    "pct1ResTime" : 1609.0,
    "pct2ResTime" : 1609.0,
    "pct3ResTime" : 1609.0,
    "throughput" : 0.6215040397762585,
    "receivedKBytesPerSec" : 1.2854937072715973,
    "sentKBytesPerSec" : 0.21303507613424488
  }
}